Current_Chord,Next_Chord,Count,Probability
#407,4m7,3,0.25
#407,1m7,2,0.16666666666666666
#407,5m7,2,0.16666666666666666
#407,1m,2,0.16666666666666666
#407,5m7b5,1,0.08333333333333333
#407,b3Maj,1,0.08333333333333333
#407,2m7b5,1,0.08333333333333333
#413,2m9,1,0.14285714285714285
#413,#47#5,1,0.14285714285714285
#413,77#9,1,0.14285714285714285
#413,7maj7,1,0.14285714285714285
#413,413,1,0.14285714285714285
#413,713sus,1,0.14285714285714285
#413,#4m9,1,0.14285714285714285
#469,49,2,1.0
#47,7maj7,8,0.25806451612903225
#47,4m7,4,0.12903225806451613
#47,47,3,0.0967741935483871
#47,b2m7,2,0.06451612903225806
#47,27b9#5,2,0.06451612903225806
#47,77,2,0.06451612903225806
#47,7m7,2,0.06451612903225806
#47,2m7,1,0.03225806451612903
#47,b3m7,1,0.03225806451612903
#47,3maj7,1,0.03225806451612903
#47,b6m,1,0.03225806451612903
#47,1m7,1,0.03225806451612903
#47,76,1,0.03225806451612903
#47,#47alt,1,0.03225806451612903
#47,4m7b5,1,0.03225806451612903
#47#11,47,4,0.5714285714285714
#47#11,4m7,2,0.2857142857142857
#47#11,4m6,1,0.14285714285714285
#47#5,7maj7,1,1.0
#47#5#9,7maj7,1,1.0
#47#9,6m7,1,1.0
#47alt,7m7,1,1.0
#47b9,7m7,3,0.75
#47b9,7m11,1,0.25
#47b9b13,7m7,1,1.0
#47sus,4m11,1,0.2
#47sus,#47,1,0.2
#47sus,b37sus,1,0.2
#47sus,47sus,1,0.2
#47sus,7maj7,1,0.2
#49,4m7,1,0.25
#49,39,1,0.25
#49,1m6,1,0.25
#49,7maj7,1,0.25
#49sus,#413,1,1.0
#4Maj,4Maj,2,0.4
#4Maj,b6Maj,1,0.2
#4Maj,6Maj,1,0.2
#4Maj,b2Maj,1,0.2
#4add9,#4Maj,1,1.0
#4m,4m7,1,0.5
#4m,4m,1,0.5
#4m11,4m9,1,1.0
#4m7,77,6,0.6666666666666666
#4m7,77b9,1,0.1111111111111111
#4m7,4m7,1,0.1111111111111111
#4m7,2maj7,1,0.1111111111111111
#4m7b5,77b9,6,0.5454545454545454
#4m7b5,b77b9,2,0.18181818181818182
#4m7b5,47#11,1,0.09090909090909091
#4m7b5,4m7,1,0.09090909090909091
#4m7b5,77#9,1,0.09090909090909091
#4m9,713#11,1,0.25
#4m9,b7m69(Emaj7#11),1,0.25
#4m9,7maj7#5,1,0.25
#4m9,47#9,1,0.25
#4maj7,5m7,3,0.125
#4maj7,17,2,0.08333333333333333
#4maj7,b67sus,2,0.08333333333333333
#4maj7,5m7b5,1,0.041666666666666664
#4maj7,413b9,1,0.041666666666666664
#4maj7,6maj7,1,0.041666666666666664
#4maj7,b2Maj,1,0.041666666666666664
#4maj7,#47,1,0.041666666666666664
#4maj7,1m7b5,1,0.041666666666666664
#4maj7,47b9#5,1,0.041666666666666664
#4maj7,b6m7,1,0.041666666666666664
#4maj7,2m7b5,1,0.041666666666666664
#4maj7,b2maj9,1,0.041666666666666664
#4maj7,17b9,1,0.041666666666666664
#4maj7,57,1,0.041666666666666664
#4maj7,b7maj7#5,1,0.041666666666666664
#4maj7,4m7,1,0.041666666666666664
#4maj7,b77,1,0.041666666666666664
#4maj7,b3m7,1,0.041666666666666664
#4maj7,47,1,0.041666666666666664
#4maj7#11,5m11,2,0.3333333333333333
#4maj7#11,b2maj7#11,1,0.16666666666666666
#4maj7#11,4m7,1,0.16666666666666666
#4maj7#11,b3m7,1,0.16666666666666666
#4maj7#11,4m9,1,0.16666666666666666
#4maj9,69,1,1.0
#4maj9#11,#47sus,1,1.0
107,1maj7,1,0.5
107,57b9sus,1,0.5
113,4m7,2,0.6666666666666666
113,4m9,1,0.3333333333333333
113b9,713,1,0.5
113b9,4maj7,1,0.5
16,3m7,2,0.2
16,57,2,0.2
16,2m7b5,2,0.2
16,6m7,2,0.2
16,2m7,1,0.1
16,67,1,0.1
17,4m7,22,0.2972972972972973
17,47,14,0.1891891891891892
17,4maj7,6,0.08108108108108109
17,4m,4,0.05405405405405406
17,46,4,0.05405405405405406
17,4m6,2,0.02702702702702703
17,7maj7,2,0.02702702702702703
17,27,2,0.02702702702702703
17,1m7,2,0.02702702702702703
17,2m7,2,0.02702702702702703
17,b77,2,0.02702702702702703
17,47#9,1,0.013513513513513514
17,#4m7,1,0.013513513513513514
17,5m7b5,1,0.013513513513513514
17,5m7,1,0.013513513513513514
17,77,1,0.013513513513513514
17,b76,1,0.013513513513513514
17,b6maj7,1,0.013513513513513514
17,b27,1,0.013513513513513514
17,1m7b5,1,0.013513513513513514
17,57,1,0.013513513513513514
17,3m7,1,0.013513513513513514
17,6m7,1,0.013513513513513514
17#11,713,2,1.0
17#5,47,2,0.5
17#5,4m7,2,0.5
17#5#9,4m7,2,0.6666666666666666
17#5#9,113b9,1,0.3333333333333333
17#9,4m7,9,0.5625
17#9,46,2,0.125
17#9,4maj7,1,0.0625
17#9,4m,1,0.0625
17#9,1m7,1,0.0625
17#9,4m(Gm7),1,0.0625
17#9,4m9,1,0.0625
17(Gm7),b6maj7,1,1.0
17b13,4m7,2,0.6666666666666666
17b13,4m69,1,0.3333333333333333
17b5#9,4m,2,1.0
17b9,4m7,37,0.5362318840579711
17b9,4m6,12,0.17391304347826086
17b9,4m,8,0.11594202898550725
17b9,47,2,0.028985507246376812
17b9,2m7b5,2,0.028985507246376812
17b9,47#9,1,0.014492753623188406
17b9,5m7b5,1,0.014492753623188406
17b9,407,1,0.014492753623188406
17b9,4m7b5,1,0.014492753623188406
17b9,79,1,0.014492753623188406
17b9,#4m7,1,0.014492753623188406
17b9,4m9,1,0.014492753623188406
17b9,4maj7,1,0.014492753623188406
17b9#5,4m7,1,1.0
17sus,7maj7#11,2,0.3333333333333333
17sus,67sus,1,0.16666666666666666
17sus,#47,1,0.16666666666666666
17sus,113b9,1,0.16666666666666666
17sus,4maj7,1,0.16666666666666666
19,49,1,0.3333333333333333
19,b79,1,0.3333333333333333
19,413,1,0.3333333333333333
19sus,17b9,1,1.0
1Maj,b307,2,0.4
1Maj,6aug,1,0.2
1Maj,b7Maj,1,0.2
1Maj,4Maj,1,0.2
1m,2m7b5,54,0.16875
1m,1m7,33,0.103125
1m,57,24,0.075
1m,4m6,17,0.053125
1m,b67,17,0.053125
1m,5m7,17,0.053125
1m,6m7b5,16,0.05
1m,1mb6,13,0.040625
1m,4m7,12,0.0375
1m,57b9,11,0.034375
1m,27,8,0.025
1m,4m,8,0.025
1m,b6maj7,6,0.01875
1m,17,6,0.01875
1m,b7m7,6,0.01875
1m,17b9,6,0.01875
1m,1maug,6,0.01875
1m,1m6,6,0.01875
1m,707,4,0.0125
1m,57b5#9,3,0.009375
1m,27b9,3,0.009375
1m,b67#11,3,0.009375
1m,b69#11,3,0.009375
1m,b67#9,3,0.009375
1m,67alt,2,0.00625
1m,2m7,2,0.00625
1m,b37,2,0.00625
1m,77,2,0.00625
1m,b7m,2,0.00625
1m,b6m7,2,0.00625
1m,1m(Gm7),1,0.003125
1m,1m(D7),1,0.003125
1m,47#11,1,0.003125
1m,67,1,0.003125
1m,17#9,1,0.003125
1m,7m,1,0.003125
1m,57#9,1,0.003125
1m,b77sus,1,0.003125
1m,#49,1,0.003125
1m,1m(A7b9),1,0.003125
1m,5m7b5,1,0.003125
1m,b6m,1,0.003125
1m,b7Maj,1,0.003125
1m,47(Cm7),1,0.003125
1m,b77,1,0.003125
1m,4m7b5,1,0.003125
1m,27#9,1,0.003125
1m,b27#11,1,0.003125
1m,b3m,1,0.003125
1m,7m7,1,0.003125
1m,b67(Dm),1,0.003125
1m,17#5,1,0.003125
1m,77sus,1,0.003125
1m(D7),4m7,1,1.0
1m(Gm7),b27,1,1.0
1m11,b769,10,0.35714285714285715
1m11,1m7,3,0.10714285714285714
1m11,2m7b5,2,0.07142857142857142
1m11,b6maj7,2,0.07142857142857142
1m11,b3maj7,2,0.07142857142857142
1m11,3m11,1,0.03571428571428571
1m11,6m11,1,0.03571428571428571
1m11,b67#11,1,0.03571428571428571
1m11,#4m9,1,0.03571428571428571
1m11,4m11,1,0.03571428571428571
1m11,#4m7b5,1,0.03571428571428571
1m11,7maj7#11,1,0.03571428571428571
1m11,b7m11,1,0.03571428571428571
1m11,b77sus,1,0.03571428571428571
1m6,2m7b5,37,0.24342105263157895
1m6,6m7b5,10,0.06578947368421052
1m6,1m7,9,0.05921052631578947
1m6,b67,9,0.05921052631578947
1m6,b27,8,0.05263157894736842
1m6,5m7b5,7,0.046052631578947366
1m6,4m6,7,0.046052631578947366
1m6,27,5,0.03289473684210526
1m6,17#9,5,0.03289473684210526
1m6,1m,4,0.02631578947368421
1m6,b7m7,4,0.02631578947368421
1m6,57b9,4,0.02631578947368421
1m6,4m7,3,0.019736842105263157
1m6,67#9,3,0.019736842105263157
1m6,17b9,2,0.013157894736842105
1m6,57b13,2,0.013157894736842105
1m6,77#9,2,0.013157894736842105
1m6,46,2,0.013157894736842105
1m6,b27#11,2,0.013157894736842105
1m6,4m,2,0.013157894736842105
1m6,47,2,0.013157894736842105
1m6,1mb6,2,0.013157894736842105
1m6,#47,2,0.013157894736842105
1m6,b313#11,2,0.013157894736842105
1m6,57alt,2,0.013157894736842105
1m6,b7m6,2,0.013157894736842105
1m6,57#9,2,0.013157894736842105
1m6,b2m6,2,0.013157894736842105
1m6,b3m7,1,0.006578947368421052
1m6,27b13,1,0.006578947368421052
1m6,b77,1,0.006578947368421052
1m6,57,1,0.006578947368421052
1m6,67,1,0.006578947368421052
1m6,2m9,1,0.006578947368421052
1m6,5m9,1,0.006578947368421052
1m6,5m7,1,0.006578947368421052
1m6,b6maj7,1,0.006578947368421052
1m6(Cm7b5),b6m7,1,1.0
1m69,2m7b5,2,0.4
1m69,17b9,2,0.4
1m69,4m69,1,0.2
1m7,47,101,0.15756630265210608
1m7,4m7,60,0.093603744149766
1m7,2m7b5,57,0.08892355694227769
1m7,6m7b5,33,0.0514820592823713
1m7,2m7,27,0.0421216848673947
1m7,b7m7,24,0.0374414976599064
1m7,b67,19,0.029641185647425898
1m7,b6maj7,18,0.028081123244929798
1m7,b27#11,18,0.028081123244929798
1m7,1m6,17,0.0265210608424337
1m7,57b9,15,0.0234009360374415
1m7,b37,14,0.0218408736349454
1m7,b2maj7,13,0.0202808112324493
1m7,b77,12,0.0187207488299532
1m7,57#9,11,0.0171606864274571
1m7,5m7,9,0.014040561622464899
1m7,b7Maj,8,0.0124804992199688
1m7,27#9,8,0.0124804992199688
1m7,b27,8,0.0124804992199688
1m7,b27#9,8,0.0124804992199688
1m7,57,7,0.0109204368174727
1m7,b3m7,6,0.0093603744149766
1m7,b2maj7#11,6,0.0093603744149766
1m7,b613,6,0.0093603744149766
1m7,27b9,6,0.0093603744149766
1m7,49,6,0.0093603744149766
1m7,17,6,0.0093603744149766
1m7,17b9,5,0.0078003120124804995
1m7,57sus,5,0.0078003120124804995
1m7,77,4,0.0062402496099844
1m7,3m7,4,0.0062402496099844
1m7,4Maj,4,0.0062402496099844
1m7,7m7,3,0.0046801872074883
1m7,b67#9,3,0.0046801872074883
1m7,47b9,3,0.0046801872074883
1m7,b67#11,3,0.0046801872074883
1m7,b6maj7#11,3,0.0046801872074883
1m7,1m,3,0.0046801872074883
1m7,27,3,0.0046801872074883
1m7,4maj7,3,0.0046801872074883
1m7,b6m7,3,0.0046801872074883
1m7,3maj7,2,0.0031201248049922
1m7,5m7b5,2,0.0031201248049922
1m7,57b13,2,0.0031201248049922
1m7,#47#11,2,0.0031201248049922
1m7,6m11,2,0.0031201248049922
1m7,6m7b5(Eb7),2,0.0031201248049922
1m7,#47,2,0.0031201248049922
1m7,4m6,2,0.0031201248049922
1m7,7Maj,2,0.0031201248049922
1m7,b3Maj,2,0.0031201248049922
1m7,7maj7#11,2,0.0031201248049922
1m7,1maj7,2,0.0031201248049922
1m7,b77sus,2,0.0031201248049922
1m7,57#5,2,0.0031201248049922
1m7,b37sus,2,0.0031201248049922
1m7,7aug,2,0.0031201248049922
1m7,27b9b13,2,0.0031201248049922
1m7,4m7(Eb),2,0.0031201248049922
1m7,b66,2,0.0031201248049922
1m7,47#11,1,0.0015600624024961
1m7,707,1,0.0015600624024961
1m7,b6m6,1,0.0015600624024961
1m7,47#9,1,0.0015600624024961
1m7,1m7(Em7b5),1,0.0015600624024961
1m7,17#9,1,0.0015600624024961
1m7,b3maj7#11,1,0.0015600624024961
1m7,#4m7,1,0.0015600624024961
1m7,67,1,0.0015600624024961
1m7,4maj7#11,1,0.0015600624024961
1m7,b6Maj,1,0.0015600624024961
1m7,607,1,0.0015600624024961
1m7,17b13,1,0.0015600624024961
1m7,57#11,1,0.0015600624024961
1m7,1m7(Dm7b5),1,0.0015600624024961
1m7,b6maj9,1,0.0015600624024961
1m7,713,1,0.0015600624024961
1m7,b2m7,1,0.0015600624024961
1m7,5m,1,0.0015600624024961
1m7,27b13,1,0.0015600624024961
1m7,6m7,1,0.0015600624024961
1m7,b7m,1,0.0015600624024961
1m7,b3maj7,1,0.0015600624024961
1m7,5m11,1,0.0015600624024961
1m7,607(Cm7b5),1,0.0015600624024961
1m7,b213,1,0.0015600624024961
1m7,57b9b13,1,0.0015600624024961
1m7,107,1,0.0015600624024961
1m7,#4maj7,1,0.0015600624024961
1m7,67b9,1,0.0015600624024961
1m7,2Maj,1,0.0015600624024961
1m7(Fm6),57b13(Cm7),3,1.0
1m7(Fmaj7),2m7,1,1.0
1m7(Gm7),b2maj7,1,1.0
1m7b5,47b9,3,0.375
1m7b5,47b5,1,0.125
1m7b5,47,1,0.125
1m7b5,47#5#9,1,0.125
1m7b5,47#9,1,0.125
1m7b5,b213,1,0.125
1m9,b29,20,0.31746031746031744
1m9,413,12,0.19047619047619047
1m9,b6m9,3,0.047619047619047616
1m9,79#11,3,0.047619047619047616
1m9,4m9,2,0.031746031746031744
1m9,b7m9,2,0.031746031746031744
1m9,4m7,2,0.031746031746031744
1m9,7maj7,2,0.031746031746031744
1m9,57#5#9,2,0.031746031746031744
1m9,b2maj7#11,2,0.031746031746031744
1m9,59sus,2,0.031746031746031744
1m9,b7m7,1,0.015873015873015872
1m9,2m,1,0.015873015873015872
1m9,b2maj9,1,0.015873015873015872
1m9,513,1,0.015873015873015872
1m9,b2maj9#11,1,0.015873015873015872
1m9,613,1,0.015873015873015872
1m9,7maj7#11,1,0.015873015873015872
1m9,7maj9#11,1,0.015873015873015872
1m9,57b9,1,0.015873015873015872
1m9,6m7b5,1,0.015873015873015872
1m9,3m9,1,0.015873015873015872
1m9(Db9),57#9,2,0.5
1m9(Db9),1m9(C7#9),2,0.5
1maj7,6m7,8,0.18181818181818182
1maj7,2m7,4,0.09090909090909091
1maj7,1m7,3,0.06818181818181818
1maj7,4m6,3,0.06818181818181818
1maj7,47#11,2,0.045454545454545456
1maj7,17,2,0.045454545454545456
1maj7,4maj7,2,0.045454545454545456
1maj7,b77,2,0.045454545454545456
1maj7,1maj7(Em7b5),1,0.022727272727272728
1maj7,67,1,0.022727272727272728
1maj7,3m7,1,0.022727272727272728
1maj7,b3m7b5,1,0.022727272727272728
1maj7,b67,1,0.022727272727272728
1maj7,#4m7b5,1,0.022727272727272728
1maj7,b2m7,1,0.022727272727272728
1maj7,2m7b5,1,0.022727272727272728
1maj7,b67(Fm7),1,0.022727272727272728
1maj7,17b9,1,0.022727272727272728
1maj7,47,1,0.022727272727272728
1maj7,b6m9,1,0.022727272727272728
1maj7,57,1,0.022727272727272728
1maj7,57b5,1,0.022727272727272728
1maj7,b7m7,1,0.022727272727272728
1maj7,19sus,1,0.022727272727272728
1maj7,3m9,1,0.022727272727272728
1maj7,7m7,1,0.022727272727272728
1maj7#11,2Maj,1,1.0
1maj7#5,4maj7#11,1,0.5
1maj7#5,7m7b5,1,0.5
1maj7#5(B7alt),b313,1,1.0
1maug,1m6,6,1.0
1mb6,1m6,9,0.47368421052631576
1mb6,1m,7,0.3684210526315789
1mb6,37b5,2,0.10526315789473684
1mb6,6m7b5,1,0.05263157894736842
20,b2maj7,2,1.0
213,27b13,2,0.6666666666666666
213,5maj7,1,0.3333333333333333
213#9,5maj7,1,1.0
213b9,1m,1,1.0
213sus,3m7,1,1.0
27,57,22,0.27848101265822783
27,57b13,6,0.0759493670886076
27,57#5,6,0.0759493670886076
27,57b9,5,0.06329113924050633
27,b27(G7),4,0.05063291139240506
27,2m7,4,0.05063291139240506
27,5maj7,3,0.0379746835443038
27,57#9,3,0.0379746835443038
27,2m7b5,3,0.0379746835443038
27,5m7,3,0.0379746835443038
27,b27,1,0.012658227848101266
27,5m7b5,1,0.012658227848101266
27,4m7,1,0.012658227848101266
27,5m11,1,0.012658227848101266
27,b67b9,1,0.012658227848101266
27,b67,1,0.012658227848101266
27,5m,1,0.012658227848101266
27,37,1,0.012658227848101266
27,27alt,1,0.012658227848101266
27,27sus,1,0.012658227848101266
27,b37sus,1,0.012658227848101266
27,b30,1,0.012658227848101266
27,513#11,1,0.012658227848101266
27,56,1,0.012658227848101266
27,3m7,1,0.012658227848101266
27,57#5#9,1,0.012658227848101266
27,b79(Bbm7),1,0.012658227848101266
27,6m7b5,1,0.012658227848101266
27,b3m7,1,0.012658227848101266
27,4maj7,1,0.012658227848101266
27#5,57#9,2,0.5
27#5,b27,1,0.25
27#5,5m7,1,0.25
27#5#9,57#5,4,0.8
27#5#9,57b9#5,1,0.2
27#9,57b13,5,0.19230769230769232
27#9,57b9,4,0.15384615384615385
27#9,2m7b5,3,0.11538461538461539
27#9,57#9,3,0.11538461538461539
27#9,b27,3,0.11538461538461539
27#9,5m7,2,0.07692307692307693
27#9,27b9,1,0.038461538461538464
27#9,b3Maj,1,0.038461538461538464
27#9,5m11,1,0.038461538461538464
27#9,57#5,1,0.038461538461538464
27#9,7Maj,1,0.038461538461538464
27#9,57b9sus,1,0.038461538461538464
27alt,b67,2,0.4
27alt,5m7,1,0.2
27alt,57,1,0.2
27alt,57b13,1,0.2
27b13,57b9,2,0.2857142857142857
27b13,5m7,1,0.14285714285714285
27b13,57sus,1,0.14285714285714285
27b13,57#9,1,0.14285714285714285
27b13,5maj7,1,0.14285714285714285
27b13,59sus,1,0.14285714285714285
27b5,57b9,2,1.0
27b9,5m7,14,0.28
27b9,57b9,12,0.24
27b9,2m7b5,5,0.1
27b9,57b13,3,0.06
27b9,5m7b5,3,0.06
27b9,57alt,2,0.04
27b9,5maj7,2,0.04
27b9,5maj7#5,1,0.02
27b9,57sus,1,0.02
27b9,b77sus,1,0.02
27b9,b6maj7,1,0.02
27b9,6m7b5,1,0.02
27b9,b6m7,1,0.02
27b9,67,1,0.02
27b9,b67,1,0.02
27b9,5m,1,0.02
27b9#5,57#9,2,1.0
27b9b13,57b9,2,1.0
27sus,513b9,3,0.375
27sus,27,2,0.25
27sus,57b9,1,0.125
27sus,4m11,1,0.125
27sus,5maj7,1,0.125
29sus,b27,2,1.0
2Maj,3maj7#11,1,0.14285714285714285
2Maj,b7maj7,1,0.14285714285714285
2Maj,3Maj,1,0.14285714285714285
2Maj,b3Maj,1,0.14285714285714285
2Maj,b2maj7#11,1,0.14285714285714285
2Maj,5Maj,1,0.14285714285714285
2Maj,b2Maj,1,0.14285714285714285
2m,b3Maj,2,0.3333333333333333
2m,2m7b5,1,0.16666666666666666
2m,57,1,0.16666666666666666
2m,67b9,1,0.16666666666666666
2m,b3m,1,0.16666666666666666
2m11,b2maj7#11,1,1.0
2m6,3m7,1,1.0
2m7,57,39,0.3979591836734694
2m7,1m7,17,0.17346938775510204
2m7,b3maj7,8,0.08163265306122448
2m7,57b9,5,0.05102040816326531
2m7,7m7b5,4,0.04081632653061224
2m7,b7m7,3,0.030612244897959183
2m7,b2maj7#11,3,0.030612244897959183
2m7,57#9,2,0.02040816326530612
2m7,57b13,2,0.02040816326530612
2m7,3m7,2,0.02040816326530612
2m7,57sus,1,0.01020408163265306
2m7,27,1,0.01020408163265306
2m7,b3maj7#11,1,0.01020408163265306
2m7,b3m7,1,0.01020408163265306
2m7,b3maj7(Bbmaj7),1,0.01020408163265306
2m7,b6maj7,1,0.01020408163265306
2m7,1maj7,1,0.01020408163265306
2m7,4maj7,1,0.01020408163265306
2m7,57b5b9,1,0.01020408163265306
2m7,b307,1,0.01020408163265306
2m7,213,1,0.01020408163265306
2m7,b27#11,1,0.01020408163265306
2m7,b77sus,1,0.01020408163265306
2m7(B7),57,1,1.0
2m7(Em7b5),7m7b5(A7b9),2,1.0
2m7b5,57b9,259,0.6332518337408313
2m7b5,57,42,0.10268948655256724
2m7b5,57b13,38,0.09290953545232274
2m7b5,57#9,12,0.029339853300733496
2m7b5,1m,8,0.019559902200488997
2m7b5,1m7,8,0.019559902200488997
2m7b5,57#5,4,0.009779951100244499
2m7b5,b67,4,0.009779951100244499
2m7b5,57b9#5,4,0.009779951100244499
2m7b5,b2maj7,4,0.009779951100244499
2m7b5,b313,3,0.007334963325183374
2m7b5,57b9b13,3,0.007334963325183374
2m7b5,b79,2,0.004889975550122249
2m7b5,513,2,0.004889975550122249
2m7b5,b2m7,1,0.0024449877750611247
2m7b5,b27#11,1,0.0024449877750611247
2m7b5,b6maj7,1,0.0024449877750611247
2m7b5,57sus,1,0.0024449877750611247
2m7b5,57#5#9,1,0.0024449877750611247
2m7b5,57b5#9,1,0.0024449877750611247
2m7b5,27b9,1,0.0024449877750611247
2m7b5,57b5b9,1,0.0024449877750611247
2m7b5,1maj7,1,0.0024449877750611247
2m7b5,17sus,1,0.0024449877750611247
2m7b5,1m6,1,0.0024449877750611247
2m7b5,b213,1,0.0024449877750611247
2m7b5,b3maj7,1,0.0024449877750611247
2m7b5,57b9sus,1,0.0024449877750611247
2m7b5,57alt,1,0.0024449877750611247
2m7b5,b27,1,0.0024449877750611247
2m9,513,1,0.3333333333333333
2m9,57b13,1,0.3333333333333333
2m9,4m9,1,0.3333333333333333
2maj7,57#11,2,0.18181818181818182
2maj7,37,2,0.18181818181818182
2maj7,b6m7b5,2,0.18181818181818182
2maj7,2m7,1,0.09090909090909091
2maj7,2m7b5,1,0.09090909090909091
2maj7,7m7,1,0.09090909090909091
2maj7,#4m7,1,0.09090909090909091
2maj7,b67#5(C#m7b5),1,0.09090909090909091
2maj7#11,b2maj7#11,2,0.5
2maj7#11,3maj7#11,1,0.25
2maj7#11,7maj7#11,1,0.25
2maj7#5,b27,1,1.0
2maj9,3m7,2,0.5
2maj9,b2m7b5,1,0.25
2maj9,b6maj7,1,0.25
307,4m7,2,1.0
37,6maj7,3,0.25
37,b37,2,0.16666666666666666
37,6m7,2,0.16666666666666666
37,b3maj7,1,0.08333333333333333
37,37alt,1,0.08333333333333333
37,2maj7,1,0.08333333333333333
37,5m11,1,0.08333333333333333
37,b3m7,1,0.08333333333333333
37#5,3Maj,1,1.0
37#9,b3maj7,1,1.0
37alt,6m7,3,0.42857142857142855
37alt,77alt,2,0.2857142857142857
37alt,67alt,1,0.14285714285714285
37alt,b37,1,0.14285714285714285
37b5,67,2,0.6666666666666666
37b5,b37,1,0.3333333333333333
37b9,6m7,4,0.6666666666666666
37b9,6m,1,0.16666666666666666
37b9,67,1,0.16666666666666666
37b9sus,37#5,1,1.0
39,b3maj9,1,0.5
39,29,1,0.5
39sus,37b9sus,1,1.0
3Maj,b3Maj,2,0.3333333333333333
3Maj,#4Maj,1,0.16666666666666666
3Maj,5Maj,1,0.16666666666666666
3Maj,1maj7#5,1,0.16666666666666666
3Maj,4Maj,1,0.16666666666666666
3m,3m6(Bbmaj7#11),1,0.25
3m,b6m,1,0.25
3m,4m,1,0.25
3m,b3m,1,0.25
3m11,1m11,1,1.0
3m6(Bbmaj7#11),1maj7,1,1.0
3m7,67,16,0.35555555555555557
3m7,67b9,5,0.1111111111111111
3m7,1m7,4,0.08888888888888889
3m7,b307,3,0.06666666666666667
3m7,6m7,3,0.06666666666666667
3m7,b2m7b5,2,0.044444444444444446
3m7,2maj9,2,0.044444444444444446
3m7,b37,2,0.044444444444444446
3m7,b37#11,1,0.022222222222222223
3m7,#47b9b13,1,0.022222222222222223
3m7,b7m7,1,0.022222222222222223
3m7,5m7,1,0.022222222222222223
3m7,2m7b5,1,0.022222222222222223
3m7,b3m7,1,0.022222222222222223
3m7,4m7,1,0.022222222222222223
3m7,2m7,1,0.022222222222222223
3m7b5,67b9,5,0.4166666666666667
3m7b5,67#5#9,2,0.16666666666666666
3m7b5,67#9,2,0.16666666666666666
3m7b5,47sus,1,0.08333333333333333
3m7b5,b3m,1,0.08333333333333333
3m7b5,6m7b5,1,0.08333333333333333
3m9,b7m9,1,0.5
3m9,7m7,1,0.5
3maj7,2m7b5,3,0.23076923076923078
3maj7,67#11,2,0.15384615384615385
3maj7,b3m7,2,0.15384615384615385
3maj7,b37,2,0.15384615384615385
3maj7,b2m7,1,0.07692307692307693
3maj7,4m7,1,0.07692307692307693
3maj7,77b9,1,0.07692307692307693
3maj7,b77b9,1,0.07692307692307693
3maj7#11,2maj7#11,2,0.2
3maj7#11,5maj7#11,1,0.1
3maj7#11,b3m11,1,0.1
3maj7#11,5maj7,1,0.1
3maj7#11,27sus,1,0.1
3maj7#11,b3Maj,1,0.1
3maj7#11,b2m7,1,0.1
3maj7#11,6maj7#11,1,0.1
3maj7#11,b3m7,1,0.1
3maj7#5,6maj7#11,1,1.0
407,17b9,1,1.0
413,1m9,8,0.42105263157894735
413,1m9(Db9),4,0.21052631578947367
413,57#5,3,0.15789473684210525
413,b713sus,1,0.05263157894736842
413,#413,1,0.05263157894736842
413,57b13,1,0.05263157894736842
413,b79,1,0.05263157894736842
413b9,b7m,1,1.0
46,b77sus,2,0.2857142857142857
46,2m7b5,2,0.2857142857142857
46,b77,2,0.2857142857142857
46,3m7,1,0.14285714285714285
47,1m7,31,0.22142857142857142
47,4m7,24,0.17142857142857143
47,b77,18,0.12857142857142856
47,b7maj7,10,0.07142857142857142
47,b7m7,9,0.06428571428571428
47,b67,4,0.02857142857142857
47,b3maj7,4,0.02857142857142857
47,#47,4,0.02857142857142857
47,17,4,0.02857142857142857
47,b67#11,3,0.02142857142857143
47,1m,2,0.014285714285714285
47,b6maj7,2,0.014285714285714285
47,b37#11,2,0.014285714285714285
47,b613,2,0.014285714285714285
47,57,2,0.014285714285714285
47,b27,2,0.014285714285714285
47,b37,2,0.014285714285714285
47,2m7,2,0.014285714285714285
47,#47#11,1,0.007142857142857143
47,2Maj,1,0.007142857142857143
47,5m,1,0.007142857142857143
47,2m7b5,1,0.007142857142857143
47,16,1,0.007142857142857143
47,57sus,1,0.007142857142857143
47,b2m7,1,0.007142857142857143
47,#407,1,0.007142857142857143
47,5m7,1,0.007142857142857143
47,3maj7,1,0.007142857142857143
47,27,1,0.007142857142857143
47,37,1,0.007142857142857143
47,77,1,0.007142857142857143
47#11,2m7b5,2,0.25
47#11,4m9,2,0.25
47#11,4m,1,0.125
47#11,1maj7,1,0.125
47#11,3maj7,1,0.125
47#11,37alt,1,0.125
47#5,b67#11,1,1.0
47#5#9,b7m7,2,1.0
47#9,b7m7,2,0.4
47#9,b77,1,0.2
47#9,b7maj7,1,0.2
47#9,37alt,1,0.2
47(Cm7),1m,1,1.0
47b13,b7m7,2,1.0
47b5,b7maj7,1,1.0
47b9,b7m7,5,0.7142857142857143
47b9,b77,1,0.14285714285714285
47b9,37b5,1,0.14285714285714285
47b9#5,b7m7,1,1.0
47sus,57sus,2,0.3333333333333333
47sus,2m7b5,1,0.16666666666666666
47sus,b27#11,1,0.16666666666666666
47sus,b77sus,1,0.16666666666666666
47sus,47,1,0.16666666666666666
49,4m6,2,0.2
49,4m7,2,0.2
49,2m7b5,2,0.2
49,b79sus,1,0.1
49,b77sus,1,0.1
49,b6Maj,1,0.1
49,b77,1,0.1
4Maj,3m7,2,0.14285714285714285
4Maj,1m7,2,0.14285714285714285
4Maj,3Maj,2,0.14285714285714285
4Maj,4m,1,0.07142857142857142
4Maj,5Maj,1,0.07142857142857142
4Maj,b6m6,1,0.07142857142857142
4Maj,b66,1,0.07142857142857142
4Maj,1Maj,1,0.07142857142857142
4Maj,b6Maj,1,0.07142857142857142
4Maj,b6maj7,1,0.07142857142857142
4Maj,b7Maj,1,0.07142857142857142
4m,4m7,7,0.19444444444444445
4m,1m,7,0.19444444444444445
4m,57b9,4,0.1111111111111111
4m,17b5#9,2,0.05555555555555555
4m,27alt,2,0.05555555555555555
4m,3m7,1,0.027777777777777776
4m,b77b9,1,0.027777777777777776
4m,b77#9,1,0.027777777777777776
4m,4m7(C7),1,0.027777777777777776
4m,b6m7,1,0.027777777777777776
4m,57b13,1,0.027777777777777776
4m,17b9,1,0.027777777777777776
4m,b77,1,0.027777777777777776
4m,2m7b5,1,0.027777777777777776
4m,27b9,1,0.027777777777777776
4m,57,1,0.027777777777777776
4m,#4m,1,0.027777777777777776
4m,3m,1,0.027777777777777776
4m,b27,1,0.027777777777777776
4m(Gm7),4m,1,1.0
4m11,57b9b13,2,0.3333333333333333
4m11,2m7b5,1,0.16666666666666666
4m11,1m11,1,0.16666666666666666
4m11,b3m11,1,0.16666666666666666
4m11,5m11,1,0.16666666666666666
4m6,1m,15,0.26785714285714285
4m6,57b9,6,0.10714285714285714
4m6,17b9,5,0.08928571428571429
4m6,1m6,5,0.08928571428571429
4m6,2m7b5,5,0.08928571428571429
4m6,1m7,4,0.07142857142857142
4m6,57#9,2,0.03571428571428571
4m6,1maj7,2,0.03571428571428571
4m6,5m7,2,0.03571428571428571
4m6,4m7b5,1,0.017857142857142856
4m6,4m11,1,0.017857142857142856
4m6,b37,1,0.017857142857142856
4m6,2m7,1,0.017857142857142856
4m6,#47#11,1,0.017857142857142856
4m6,1m7(Fmaj7),1,0.017857142857142856
4m6,6m7b5,1,0.017857142857142856
4m6,57b13,1,0.017857142857142856
4m6,16,1,0.017857142857142856
4m6,47b9,1,0.017857142857142856
4m69,5m7b5,1,0.5
4m69,2m7b5,1,0.5
4m7,b77,115,0.37216828478964403
4m7,1m7,31,0.10032362459546926
4m7,2m7b5,25,0.08090614886731391
4m7,57b9,11,0.03559870550161812
4m7,b3m7,7,0.022653721682847898
4m7,#407,7,0.022653721682847898
4m7,17b9,7,0.022653721682847898
4m7,b77b9,7,0.022653721682847898
4m7,57,7,0.022653721682847898
4m7,5m7,6,0.019417475728155338
4m7,b2maj7,6,0.019417475728155338
4m7,b67,5,0.016181229773462782
4m7,b7m7,5,0.016181229773462782
4m7,b77sus,5,0.016181229773462782
4m7,b6m7,4,0.012944983818770227
4m7,b3Maj,4,0.012944983818770227
4m7,b6m6,3,0.009708737864077669
4m7,57b13,3,0.009708737864077669
4m7,57#9,3,0.009708737864077669
4m7,2m7,3,0.009708737864077669
4m7,b77alt,3,0.009708737864077669
4m7,1m6,2,0.006472491909385114
4m7,b3maj7,2,0.006472491909385114
4m7,#4m7b5,2,0.006472491909385114
4m7,17,2,0.006472491909385114
4m7,4m,2,0.006472491909385114
4m7,27#9,2,0.006472491909385114
4m7,613,2,0.006472491909385114
4m7,6maj7,2,0.006472491909385114
4m7,4m7b5,1,0.003236245954692557
4m7,37#9,1,0.003236245954692557
4m7,39,1,0.003236245954692557
4m7,37#11,1,0.003236245954692557
4m7,6m7,1,0.003236245954692557
4m7,27b9,1,0.003236245954692557
4m7,3m7,1,0.003236245954692557
4m7,5m7b5,1,0.003236245954692557
4m7,#4add9,1,0.003236245954692557
4m7,47,1,0.003236245954692557
4m7,b79,1,0.003236245954692557
4m7,b2m7,1,0.003236245954692557
4m7,1m11,1,0.003236245954692557
4m7,b36,1,0.003236245954692557
4m7,b27,1,0.003236245954692557
4m7,b77#5,1,0.003236245954692557
4m7,1m,1,0.003236245954692557
4m7,#413,1,0.003236245954692557
4m7,b3maj7#5,1,0.003236245954692557
4m7,b77#11,1,0.003236245954692557
4m7,#4maj7,1,0.003236245954692557
4m7,4m6,1,0.003236245954692557
4m7,b37,1,0.003236245954692557
4m7,b7m7b5,1,0.003236245954692557
4m7,b27#11,1,0.003236245954692557
4m7,77#11,1,0.003236245954692557
4m7(C7),4m6,1,1.0
4m7(Eb),b77(Cm7),2,1.0
4m7(F#m7),2m7(B7),1,1.0
4m7b5,b77b9,2,0.2857142857142857
4m7b5,2m7b5,1,0.14285714285714285
4m7b5,b77#9,1,0.14285714285714285
4m7b5,b77,1,0.14285714285714285
4m7b5,37,1,0.14285714285714285
4m7b5,b77#5#9,1,0.14285714285714285
4m9,1m9,3,0.15789473684210525
4m9,57#9,2,0.10526315789473684
4m9,57b13,2,0.10526315789473684
4m9,b77b9,2,0.10526315789473684
4m9,5m7,1,0.05263157894736842
4m9,b77,1,0.05263157894736842
4m9,b3Maj,1,0.05263157894736842
4m9,b6maj7,1,0.05263157894736842
4m9,b713,1,0.05263157894736842
4m9,57b9sus,1,0.05263157894736842
4m9,57b9#5,1,0.05263157894736842
4m9,17b9,1,0.05263157894736842
4m9,2m7b5,1,0.05263157894736842
4m9,b7m9,1,0.05263157894736842
4maj7,4m7,6,0.25
4maj7,1m7,3,0.125
4maj7,3m7,3,0.125
4maj7,2m7,2,0.08333333333333333
4maj7,b7maj7,2,0.08333333333333333
4maj7,1maj7,2,0.08333333333333333
4maj7,2m7b5,1,0.041666666666666664
4maj7,4m6,1,0.041666666666666664
4maj7,2Maj,1,0.041666666666666664
4maj7,#4m7b5,1,0.041666666666666664
4maj7,17sus,1,0.041666666666666664
4maj7,b77sus,1,0.041666666666666664
4maj7#11,47,1,0.5
4maj7#11,4m7,1,0.5
4maj7#5,b79sus,1,1.0
4maj9,#4m11,1,0.5
4maj9,4m9,1,0.5
513,1m,3,0.5
513,1maj7#5,1,0.16666666666666666
513,17#9,1,0.16666666666666666
513,59#5,1,0.16666666666666666
513b9,17sus,2,0.6666666666666666
513b9,1m7,1,0.3333333333333333
56,b607,2,0.6666666666666666
56,b3Maj,1,0.3333333333333333
57,1m7,50,0.29239766081871343
57,1m,39,0.22807017543859648
57,1m6,13,0.07602339181286549
57,b67,8,0.04678362573099415
57,16,7,0.04093567251461988
57,17,6,0.03508771929824561
57,1maj7,6,0.03508771929824561
57,b6maj7,6,0.03508771929824561
57,2m7b5,4,0.023391812865497075
57,b7m6,4,0.023391812865497075
57,1m9,3,0.017543859649122806
57,b3m7,3,0.017543859649122806
57,57#5,2,0.011695906432748537
57,#4maj7,2,0.011695906432748537
57,1Maj,2,0.011695906432748537
57,4m7,2,0.011695906432748537
57,4m,2,0.011695906432748537
57,107,1,0.005847953216374269
57,3m7,1,0.005847953216374269
57,b2m7,1,0.005847953216374269
57,3maj7#11,1,0.005847953216374269
57,b6m7,1,0.005847953216374269
57,46,1,0.005847953216374269
57,5m7b5,1,0.005847953216374269
57,17b9,1,0.005847953216374269
57,#47,1,0.005847953216374269
57,47,1,0.005847953216374269
57,b3Maj,1,0.005847953216374269
57,6m7b5,1,0.005847953216374269
57#11,2maj7,1,0.25
57#11,#4maj7,1,0.25
57#11,6m7b5,1,0.25
57#11,4m7,1,0.25
57#5,1m7,9,0.34615384615384615
57#5,1m,9,0.34615384615384615
57#5,1maj7,3,0.11538461538461539
57#5,1m6,2,0.07692307692307693
57#5,1m11,2,0.07692307692307693
57#5,19,1,0.038461538461538464
57#5#9,1m,3,0.6
57#5#9,1m7,1,0.2
57#5#9,1m9,1,0.2
57#9,1m7,36,0.5714285714285714
57#9,1m6,6,0.09523809523809523
57#9,1m,4,0.06349206349206349
57#9,b7Maj,3,0.047619047619047616
57#9,17,2,0.031746031746031744
57#9,1m9,2,0.031746031746031744
57#9,1maj7,2,0.031746031746031744
57#9,b6maj7,2,0.031746031746031744
57#9,b3m7,1,0.015873015873015872
57#9,b7m7,1,0.015873015873015872
57#9,#47,1,0.015873015873015872
57#9,4m9,1,0.015873015873015872
57#9,b6maj7#11,1,0.015873015873015872
57#9,47#9,1,0.015873015873015872
57alt,1m7,3,0.375
57b13,1m7,29,0.4084507042253521
57b13,1m,11,0.15492957746478872
57b13,1m6,9,0.1267605633802817
57b13,2m7b5,7,0.09859154929577464
57b13,1m7(Fm6),4,0.056338028169014086
57b13,1m69,2,0.028169014084507043
57b13,4m7,2,0.028169014084507043
57b13,1m11,2,0.028169014084507043
57b13,5m7,2,0.028169014084507043
57b13,b613,1,0.014084507042253521
57b13,17b13,1,0.014084507042253521
57b13,b6maj7,1,0.014084507042253521
57b5,1m7,1,1.0
57b5#9,1m,3,1.0
57b5b9,1maj7#11,1,0.5
57b5b9,1m7,1,0.5
57b9,1m,95,0.35447761194029853
57b9,1m7,88,0.3283582089552239
57b9,1m6,45,0.16791044776119404
57b9,2m7b5,7,0.026119402985074626
57b9,1maj7,5,0.018656716417910446
57b9,b7m7,3,0.011194029850746268
57b9,b6maj7,3,0.011194029850746268
57b9,b67,3,0.011194029850746268
57b9,4m7,2,0.007462686567164179
57b9,17b9,2,0.007462686567164179
57b9,b27#11,2,0.007462686567164179
57b9,17,2,0.007462686567164179
57b9,5m7b5,2,0.007462686567164179
57b9,b3maj7,2,0.007462686567164179
57b9,b7m6,2,0.007462686567164179
57b9,b6Maj,1,0.0037313432835820895
57b9,b7m6(Am7),1,0.0037313432835820895
57b9,b67#11,1,0.0037313432835820895
57b9,1m9,1,0.0037313432835820895
57b9,b77sus,1,0.0037313432835820895
57b9#5,1m7,2,0.4
57b9#5,1m,1,0.2
57b9#5,1maj7,1,0.2
57b9#5,1m9,1,0.2
57b9b13,1m7,7,0.875
57b9b13,b67#11,1,0.125
57b9sus,57#5#9,1,0.25
57b9sus,57b9,1,0.25
57b9sus,1m,1,0.25
57b9sus,513b9,1,0.25
57sus,1m7,6,0.35294117647058826
57sus,57,5,0.29411764705882354
57sus,513,1,0.058823529411764705
57sus,57#9,1,0.058823529411764705
57sus,67sus,1,0.058823529411764705
57sus,16,1,0.058823529411764705
57sus,57b9,1,0.058823529411764705
57sus,17sus,1,0.058823529411764705
59,57b13,1,1.0
59#5,1m9,1,1.0
59sus,1m7,1,0.3333333333333333
59sus,1m7b5,1,0.3333333333333333
59sus,b27#11,1,0.3333333333333333
5Maj,6Maj,2,0.2857142857142857
5Maj,#4Maj,2,0.2857142857142857
5Maj,b3Maj,1,0.14285714285714285
5Maj,5maj7,1,0.14285714285714285
5Maj,57sus,1,0.14285714285714285
5m,b6maj7,1,0.2
5m,1m7,1,0.2
5m,#4m,1,0.2
5m,4m,1,0.2
5m,57b9,1,0.2
5m11,#4maj7#11,2,0.16666666666666666
5m11,b7maj7,2,0.16666666666666666
5m11,7maj7,1,0.08333333333333333
5m11,4maj9,1,0.08333333333333333
5m11,4m11,1,0.08333333333333333
5m11,77sus,1,0.08333333333333333
5m11,17,1,0.08333333333333333
5m11,b7m9,1,0.08333333333333333
5m11,#4maj7,1,0.08333333333333333
5m11,1m11,1,0.08333333333333333
5m6,#47#11,1,1.0
5m7,17,30,0.2631578947368421
5m7,1m,17,0.14912280701754385
5m7,1m7,11,0.09649122807017543
5m7,b6maj7,6,0.05263157894736842
5m7,17b9,5,0.043859649122807015
5m7,3m7b5,4,0.03508771929824561
5m7,17#9,3,0.02631578947368421
5m7,b6m7,2,0.017543859649122806
5m7,17#11,2,0.017543859649122806
5m7,b6maj7#11,2,0.017543859649122806
5m7,b7m,2,0.017543859649122806
5m7,b2maj7,2,0.017543859649122806
5m7,b67#11,2,0.017543859649122806
5m7,113,2,0.017543859649122806
5m7,27b9,1,0.008771929824561403
5m7,#49,1,0.008771929824561403
5m7,b607,1,0.008771929824561403
5m7,#47,1,0.008771929824561403
5m7,6m7b5,1,0.008771929824561403
5m7,2m7b5,1,0.008771929824561403
5m7,b67,1,0.008771929824561403
5m7,3maj7#11,1,0.008771929824561403
5m7,1m6,1,0.008771929824561403
5m7,b37#11,1,0.008771929824561403
5m7,17(Gm7),1,0.008771929824561403
5m7,1m7(Gm7),1,0.008771929824561403
5m7,b6Maj,1,0.008771929824561403
5m7,67#9,1,0.008771929824561403
5m7,67b9b13,1,0.008771929824561403
5m7,67b9,1,0.008771929824561403
5m7,b3m7,1,0.008771929824561403
5m7,b37,1,0.008771929824561403
5m7,213b9,1,0.008771929824561403
5m7,57b9,1,0.008771929824561403
5m7,#47#11,1,0.008771929824561403
5m7,3m7,1,0.008771929824561403
5m7,b27#11,1,0.008771929824561403
5m7,b37sus,1,0.008771929824561403
5m7b5,17b9,30,0.7142857142857143
5m7b5,17,4,0.09523809523809523
5m7b5,17#9,2,0.047619047619047616
5m7b5,17#5#9,2,0.047619047619047616
5m7b5,17#5,2,0.047619047619047616
5m7b5,1m7,1,0.023809523809523808
5m7b5,17b13,1,0.023809523809523808
5m9,113,1,0.3333333333333333
5m9,b77,1,0.3333333333333333
5m9,1m9,1,0.3333333333333333
5maj7,b6m7,2,0.18181818181818182
5maj7,5Maj,2,0.18181818181818182
5maj7,b2m7,1,0.09090909090909091
5maj7,b77#9,1,0.09090909090909091
5maj7,b713,1,0.09090909090909091
5maj7,57b9,1,0.09090909090909091
5maj7,2m7,1,0.09090909090909091
5maj7,b67,1,0.09090909090909091
5maj7,b27#11,1,0.09090909090909091
5maj7#11,6maj7#11,2,1.0
5maj7#5,57,1,1.0
607,b37#9,3,0.23076923076923078
607,b607,1,0.07692307692307693
607,2m,1,0.07692307692307693
607,b307,1,0.07692307692307693
607,b6maj7,1,0.07692307692307693
607,b77sus,1,0.07692307692307693
607,b3maj7,1,0.07692307692307693
607,b6m6,1,0.07692307692307693
607,#49sus,1,0.07692307692307693
607,b6m,1,0.07692307692307693
607,b36,1,0.07692307692307693
607(Cm7b5),4m7,1,1.0
613,27#5#9,2,0.5
613,69#5,1,0.25
613,b613,1,0.25
613b9,5Maj,1,1.0
67,2m7,7,0.19444444444444445
67,b67,6,0.16666666666666666
67,27,4,0.1111111111111111
67,b77,4,0.1111111111111111
67,2m7b5,3,0.08333333333333333
67,2maj7,3,0.08333333333333333
67,27b5,2,0.05555555555555555
67,27b9,2,0.05555555555555555
67,67b9,2,0.05555555555555555
67,b67#11,1,0.027777777777777776
67,4Maj,1,0.027777777777777776
67,b3m7,1,0.027777777777777776
67#11,b66,2,0.2857142857142857
67#11,3maj7,1,0.14285714285714285
67#11,2maj7,1,0.14285714285714285
67#11,b67,1,0.14285714285714285
67#11,b6m,1,0.14285714285714285
67#11,2m7b5,1,0.14285714285714285
67#5#9,b67#11,2,0.6666666666666666
67#5#9,2m11,1,0.3333333333333333
67#9,27#5,2,0.25
67#9,2m7b5,2,0.25
67#9,2m6,1,0.125
67#9,b7m7,1,0.125
67#9,27b9,1,0.125
67#9,27#9,1,0.125
67alt,b7m7,4,0.5714285714285714
67alt,b67,2,0.2857142857142857
67alt,1m11,1,0.14285714285714285
67b5,b6maj7,1,1.0
67b9,2m7,4,0.23529411764705882
67b9,2maj7,3,0.17647058823529413
67b9,2m,2,0.11764705882352941
67b9,27,1,0.058823529411764705
67b9,4m7,1,0.058823529411764705
67b9,27#9,1,0.058823529411764705
67b9,6m7,1,0.058823529411764705
67b9,b7maj7,1,0.058823529411764705
67b9,7m7b5,1,0.058823529411764705
67b9,b67b5,1,0.058823529411764705
67b9,2m7b5,1,0.058823529411764705
67b9b13,27b9,1,1.0
67sus,#47sus,2,1.0
69,2maj9,1,1.0
69#5,2m9,1,1.0
6Maj,7Maj,1,0.25
6Maj,b7Maj,1,0.25
6Maj,4maj7#5,1,0.25
6Maj,b6m7,1,0.25
6aug,27,1,1.0
6m,4Maj,2,0.3333333333333333
6m,6m7,2,0.3333333333333333
6m,b7m7,1,0.16666666666666666
6m,b2m7,1,0.16666666666666666
6m11,b7m7,2,0.6666666666666666
6m11,1m11,1,0.3333333333333333
6m7,27,14,0.35
6m7,2m7,8,0.2
6m7,#4m7b5,3,0.075
6m7,b6m7,3,0.075
6m7,4m7,2,0.05
6m7,2m7(Em7b5),2,0.05
6m7,27sus,2,0.05
6m7,b2m7,2,0.05
6m7,27b9,1,0.025
6m7,b67,1,0.025
6m7,3m7,1,0.025
6m7,213,1,0.025
6m7b5,27b9,25,0.2336448598130841
6m7b5,2m7b5,15,0.14018691588785046
6m7b5,27,12,0.11214953271028037
6m7b5,b6maj7,11,0.102803738317757
6m7b5,b67,10,0.09345794392523364
6m7b5,b67#11,9,0.08411214953271028
6m7b5,27#9,7,0.06542056074766354
6m7b5,b6m6,3,0.028037383177570093
6m7b5,57b13,3,0.028037383177570093
6m7b5,#407,2,0.018691588785046728
6m7b5,4m7,2,0.018691588785046728
6m7b5,b3Maj,1,0.009345794392523364
6m7b5,27sus,1,0.009345794392523364
6m7b5,1m7,1,0.009345794392523364
6m7b5,27b13,1,0.009345794392523364
6m7b5,#4m7b5,1,0.009345794392523364
6m7b5,67b9,1,0.009345794392523364
6m7b5,4m9,1,0.009345794392523364
6m7b5,b27b9,1,0.009345794392523364
6m7b5(Eb7),b67(D7b13),2,1.0
6maj7,b7m7,2,0.25
6maj7,27,2,0.25
6maj7,b6maj7,2,0.25
6maj7,1maj7,1,0.125
6maj7,1m7,1,0.125
6maj7#11,2maj7#11,2,0.3333333333333333
6maj7#11,607,2,0.3333333333333333
6maj7#11,b3Maj,1,0.16666666666666666
6maj7#11,b7m9,1,0.16666666666666666
70,1m9,1,1.0
707,b7m7,4,0.4
707,1m7,4,0.4
707,b37,1,0.1
707,b7m6,1,0.1
713,b213,1,0.5
713,713b9,1,0.5
713b9,b77alt,2,0.5
713b9,39sus,1,0.25
713b9,3m7,1,0.25
713sus,713b9,1,1.0
76,b67#5,1,1.0
77,b7m7,5,0.29411764705882354
77,3m7,4,0.23529411764705882
77,b77,2,0.11764705882352941
77,2m7,2,0.11764705882352941
77,613,1,0.058823529411764705
77,3maj7,1,0.058823529411764705
77,b77sus,1,0.058823529411764705
77,4m7,1,0.058823529411764705
77#11,4m7,2,0.5
77#11,4m7b5,1,0.25
77#11,b77#5,1,0.25
77#9,b313,2,0.3333333333333333
77#9,3m7,1,0.16666666666666666
77#9,b7m7,1,0.16666666666666666
77#9,3m7b5,1,0.16666666666666666
77#9,b79sus,1,0.16666666666666666
77alt,59sus,2,1.0
77b9,3m7,4,0.5
77b9,3maj7,3,0.375
77b9,47,1,0.125
77sus,77#9,1,0.5
77sus,713b9,1,0.5
79,b6aug,1,1.0
79#11,1m9,1,0.5
79#11,4m7,1,0.5
7Maj,b6Maj,2,0.2857142857142857
7Maj,b6m7,1,0.14285714285714285
7Maj,1m7,1,0.14285714285714285
7Maj,#4maj9,1,0.14285714285714285
7Maj,2Maj,1,0.14285714285714285
7Maj,b7m7,1,0.14285714285714285
7aug,2m7b5,2,1.0
7m,b7m7,1,1.0
7m11,7m9,1,1.0
7m7,37,7,0.3684210526315789
7m7,3m7,4,0.21052631578947367
7m7,b6m7b5,2,0.10526315789473684
7m7,57b5,1,0.05263157894736842
7m7,b2m7,1,0.05263157894736842
7m7,27sus,1,0.05263157894736842
7m7,7m7b5,1,0.05263157894736842
7m7,b7m7,1,0.05263157894736842
7m7,#47#9,1,0.05263157894736842
7m7b5,37b9,5,0.45454545454545453
7m7b5,3m7b5,2,0.18181818181818182
7m7b5,713b9,1,0.09090909090909091
7m7b5,4maj7,1,0.09090909090909091
7m7b5,b7maj7,1,0.09090909090909091
7m7b5,37,1,0.09090909090909091
7m7b5(A7b9),37b9,2,1.0
7m9,b6m7b5,1,1.0
7maj7,b2m7,2,0.1
7maj7,b3maj9,2,0.1
7maj7,b6m7,2,0.1
7maj7,#4maj7,1,0.05
7maj7,#4maj9#11,1,0.05
7maj7,b7maj9,1,0.05
7maj7,27,1,0.05
7maj7,47#5#9,1,0.05
7maj7,1m7,1,0.05
7maj7,b7m,1,0.05
7maj7,513,1,0.05
7maj7,213,1,0.05
7maj7,7m7,1,0.05
7maj7,67#11,1,0.05
7maj7,b37b9,1,0.05
7maj7,b77b9,1,0.05
7maj7,2m7b5,1,0.05
7maj7#11,b77sus,2,0.25
7maj7#11,1maj7#11,1,0.125
7maj7#11,27sus,1,0.125
7maj7#11,b7maj7,1,0.125
7maj7#11,b2maj7#11,1,0.125
7maj7#11,2m7b5,1,0.125
7maj7#11,b77,1,0.125
7maj7#5,b6m,1,1.0
7maj9,b79sus,1,1.0
b213,b27#5,2,0.6666666666666666
b213,1m7,1,0.3333333333333333
b26,3maj7#11,1,1.0
b27,1m7,25,0.36231884057971014
b27,1m6,9,0.13043478260869565
b27,b6m7,5,0.07246376811594203
b27,#4maj7,4,0.057971014492753624
b27,b7m7,3,0.043478260869565216
b27,#4m7,3,0.043478260869565216
b27,5m7b5,2,0.028985507246376812
b27,b67,2,0.028985507246376812
b27,#47,2,0.028985507246376812
b27,2m7b5,2,0.028985507246376812
b27,17,2,0.028985507246376812
b27,b37,2,0.028985507246376812
b27,17b9,1,0.014492753623188406
b27,b36,1,0.014492753623188406
b27,b3Maj,1,0.014492753623188406
b27,5m7,1,0.014492753623188406
b27,2m7,1,0.014492753623188406
b27,4m7,1,0.014492753623188406
b27,b3maj7,1,0.014492753623188406
b27,1m,1,0.014492753623188406
b27#11,1m7,10,0.5555555555555556
b27#11,77#11,2,0.1111111111111111
b27#11,b37,2,0.1111111111111111
b27#11,4m6,1,0.05555555555555555
b27#11,57b9,1,0.05555555555555555
b27#11,2m7b5,1,0.05555555555555555
b27#11,17#5,1,0.05555555555555555
b27#5,b2m9,1,0.5
b27#5,17#5#9,1,0.5
b27#5#9,#4m7,1,1.0
b27#9,1m7,7,0.875
b27#9,#413,1,0.125
b27(G7),1m,4,1.0
b27b9,#4maj7,1,0.2
b27b9,#4maj7#11,1,0.2
b27b9,6m7b5,1,0.2
b27b9,#4m7b5,1,0.2
b27b9,5m7b5,1,0.2
b27sus,b37sus,4,1.0
b29,1m9,17,0.8095238095238095
b29,1m7,2,0.09523809523809523
b29,5m7,1,0.047619047619047616
b29,#4maj7,1,0.047619047619047616
b29sus,b3Maj,1,1.0
b2Maj,b3Maj,3,0.5
b2Maj,1m7,2,0.3333333333333333
b2Maj,3maj7,1,0.16666666666666666
b2m11,1m11,2,0.6666666666666666
b2m11,57#9,1,0.3333333333333333
b2m6,17b9,2,1.0
b2m7,#47,17,0.5862068965517241
b2m7,b6m7,2,0.06896551724137931
b2m7,4m7,2,0.06896551724137931
b2m7,b7m7b5,1,0.034482758620689655
b2m7,b3m7,1,0.034482758620689655
b2m7,4m,1,0.034482758620689655
b2m7,#47#5#9,1,0.034482758620689655
b2m7,57#9,1,0.034482758620689655
b2m7,1m7,1,0.034482758620689655
b2m7,#4m7,1,0.034482758620689655
b2m7,37,1,0.034482758620689655
b2m7b5,#47b9,4,0.8
b2m7b5,#47,1,0.2
b2m9,#413,2,0.4
b2m9,1maj7#5(B7alt),1,0.2
b2m9,#4m11,1,0.2
b2m9,5m9,1,0.2
b2maj7,1m7,13,0.20967741935483872
b2maj7,2m7b5,9,0.14516129032258066
b2maj7,b37,4,0.06451612903225806
b2maj7,57,4,0.06451612903225806
b2maj7,2m7,3,0.04838709677419355
b2maj7,b2m7,3,0.04838709677419355
b2maj7,1maj7,3,0.04838709677419355
b2maj7,4m7,2,0.03225806451612903
b2maj7,#4maj7,2,0.03225806451612903
b2maj7,5m7b5,2,0.03225806451612903
b2maj7,b2Maj,2,0.03225806451612903
b2maj7,b29,2,0.03225806451612903
b2maj7,b7m7,2,0.03225806451612903
b2maj7,b3m7,2,0.03225806451612903
b2maj7,7m7,1,0.016129032258064516
b2maj7,57b9,1,0.016129032258064516
b2maj7,17b9#5,1,0.016129032258064516
b2maj7,b6m7,1,0.016129032258064516
b2maj7,20,1,0.016129032258064516
b2maj7,57#5,1,0.016129032258064516
b2maj7,47,1,0.016129032258064516
b2maj7,1m7b5,1,0.016129032258064516
b2maj7,#47,1,0.016129032258064516
b2maj7#11,1m9,3,0.21428571428571427
b2maj7#11,b3maj7#11,2,0.14285714285714285
b2maj7#11,2m7b5,2,0.14285714285714285
b2maj7#11,7maj7#11,2,0.14285714285714285
b2maj7#11,1m7,2,0.14285714285714285
b2maj7#11,1m11,1,0.07142857142857142
b2maj7#11,47#5,1,0.07142857142857142
b2maj7#11,#4maj7#11,1,0.07142857142857142
b2maj9,b7Maj,1,0.25
b2maj9,1m11,1,0.25
b2maj9,b6maj7,1,0.25
b2maj9,1m9,1,0.25
b2maj9#11,1m9,1,1.0
b30,3m7,1,1.0
b307,2m7,4,0.5714285714285714
b307,4Maj,1,0.14285714285714285
b307,2m7b5,1,0.14285714285714285
b307,17,1,0.14285714285714285
b307(F7),b607,2,1.0
b313,413,3,0.42857142857142855
b313,5m7,2,0.2857142857142857
b313,b3m9,1,0.14285714285714285
b313,b6maj7,1,0.14285714285714285
b313#11,513#11,2,1.0
b313sus,57,1,0.5
b313sus,213sus,1,0.5
b36,2m7b5,4,0.2222222222222222
b36,b6maj7,3,0.16666666666666666
b36,57b13,2,0.1111111111111111
b36,5m7,2,0.1111111111111111
b36,27,1,0.05555555555555555
b36,b2m7,1,0.05555555555555555
b36,57b9,1,0.05555555555555555
b36,57,1,0.05555555555555555
b36,47,1,0.05555555555555555
b36,4m7,1,0.05555555555555555
b36,707,1,0.05555555555555555
b369,#4maj7,1,1.0
b37,b6maj7,46,0.36507936507936506
b37,b67,15,0.11904761904761904
b37,1m7,6,0.047619047619047616
b37,b66,6,0.047619047619047616
b37,6m7b5,5,0.03968253968253968
b37,b6m7,4,0.031746031746031744
b37,2m7b5,4,0.031746031746031744
b37,b7m7,4,0.031746031746031744
b37,27#9,3,0.023809523809523808
b37,47,3,0.023809523809523808
b37,b77,3,0.023809523809523808
b37,b2maj7,3,0.023809523809523808
b37,b6m,2,0.015873015873015872
b37,2m7,2,0.015873015873015872
b37,29sus,2,0.015873015873015872
b37,67#5#9,2,0.015873015873015872
b37,77,2,0.015873015873015872
b37,5m7,1,0.007936507936507936
b37,27#5,1,0.007936507936507936
b37,67b9,1,0.007936507936507936
b37,b6Maj,1,0.007936507936507936
b37,b6maj7#11,1,0.007936507936507936
b37,607,1,0.007936507936507936
b37,2maj7#5,1,0.007936507936507936
b37,6m7,1,0.007936507936507936
b37,b67(A7b13),1,0.007936507936507936
b37,2maj7,1,0.007936507936507936
b37,47sus,1,0.007936507936507936
b37,b6maj9,1,0.007936507936507936
b37,27,1,0.007936507936507936
b37,27b13,1,0.007936507936507936
b37#11,b6Maj,2,0.5
b37#11,27b9,1,0.25
b37#11,57#9,1,0.25
b37#5,b6maj7,2,1.0
b37#9,b67,2,0.5
b37#9,b6maj7,1,0.25
b37#9,27,1,0.25
b37(Gm7),b66,1,1.0
b37b13,b6m7,1,1.0
b37b9,b6m7,1,0.25
b37b9,b6maj7,1,0.25
b37b9,1m7,1,0.25
b37b9,b6m9,1,0.25
b37sus,b37,4,0.3333333333333333
b37sus,47sus,3,0.25
b37sus,b6maj7,2,0.16666666666666666
b37sus,17sus,1,0.08333333333333333
b37sus,b77sus,1,0.08333333333333333
b37sus,4maj7#11,1,0.08333333333333333
b39,b613,1,1.0
b39#11,b7maj7,1,1.0
b3Maj,47,2,0.05555555555555555
b3Maj,5m7,2,0.05555555555555555
b3Maj,b6maj7,2,0.05555555555555555
b3Maj,b2Maj,2,0.05555555555555555
b3Maj,4Maj,2,0.05555555555555555
b3Maj,b79sus,2,0.05555555555555555
b3Maj,57sus,2,0.05555555555555555
b3Maj,#407,2,0.05555555555555555
b3Maj,1m7,2,0.05555555555555555
b3Maj,b6m,2,0.05555555555555555
b3Maj,4m7,1,0.027777777777777776
b3Maj,3m7b5,1,0.027777777777777776
b3Maj,#47sus,1,0.027777777777777776
b3Maj,b26,1,0.027777777777777776
b3Maj,b77sus,1,0.027777777777777776
b3Maj,57#9,1,0.027777777777777776
b3Maj,27,1,0.027777777777777776
b3Maj,#4maj7,1,0.027777777777777776
b3Maj,3Maj,1,0.027777777777777776
b3Maj,b77,1,0.027777777777777776
b3Maj,b67,1,0.027777777777777776
b3Maj,57b5b9,1,0.027777777777777776
b3Maj,7m7,1,0.027777777777777776
b3Maj,b2m7,1,0.027777777777777776
b3Maj,b7Maj,1,0.027777777777777776
b3Maj,b6Maj,1,0.027777777777777776
b3m,b7Maj,1,0.2
b3m,47#11,1,0.2
b3m,b3m7,1,0.2
b3m,3m,1,0.2
b3m,2m7,1,0.2
b3m11,b2m11,1,1.0
b3m7,b67,30,0.5
b3m7,1m7,5,0.08333333333333333
b3m7,3m7,3,0.05
b3m7,b67b9,2,0.03333333333333333
b3m7,47b9,2,0.03333333333333333
b3m7,2m7b5,2,0.03333333333333333
b3m7,#4maj7,1,0.016666666666666666
b3m7,7Maj,1,0.016666666666666666
b3m7,3maj7,1,0.016666666666666666
b3m7,b67sus,1,0.016666666666666666
b3m7,5m7,1,0.016666666666666666
b3m7,b69,1,0.016666666666666666
b3m7,b67#5#9,1,0.016666666666666666
b3m7,b67#11,1,0.016666666666666666
b3m7,1m7b5,1,0.016666666666666666
b3m7,b67#5,1,0.016666666666666666
b3m7,5m11,1,0.016666666666666666
b3m7,b7m7,1,0.016666666666666666
b3m7,b67b13,1,0.016666666666666666
b3m7,b2m9,1,0.016666666666666666
b3m7,#49,1,0.016666666666666666
b3m7,#47sus,1,0.016666666666666666
b3m7b5,1m7b5,1,1.0
b3m9,b6m9,2,0.6666666666666666
b3m9,b613,1,0.3333333333333333
b3maj7,2m7b5,32,0.2119205298013245
b3maj7,b6maj7,18,0.11920529801324503
b3maj7,b67,7,0.046357615894039736
b3maj7,1m7,7,0.046357615894039736
b3maj7,2m7,7,0.046357615894039736
b3maj7,6m7b5,6,0.039735099337748346
b3maj7,b6m6,5,0.033112582781456956
b3maj7,4m7,5,0.033112582781456956
b3maj7,27,4,0.026490066225165563
b3maj7,57,4,0.026490066225165563
b3maj7,67#11,4,0.026490066225165563
b3maj7,b3m7,4,0.026490066225165563
b3maj7,b37,4,0.026490066225165563
b3maj7,b7m7,3,0.019867549668874173
b3maj7,5m7,2,0.013245033112582781
b3maj7,57b9,2,0.013245033112582781
b3maj7,b6maj9,2,0.013245033112582781
b3maj7,b2maj7,2,0.013245033112582781
b3maj7,57#9,2,0.013245033112582781
b3maj7,17,2,0.013245033112582781
b3maj7,17b9,2,0.013245033112582781
b3maj7,307,2,0.013245033112582781
b3maj7,27#9,2,0.013245033112582781
b3maj7,3m7,2,0.013245033112582781
b3maj7,b6maj7#11,2,0.013245033112582781
b3maj7,#4maj7#11,1,0.006622516556291391
b3maj7,b37#11,1,0.006622516556291391
b3maj7,b2m7,1,0.006622516556291391
b3maj7,27b9,1,0.006622516556291391
b3maj7,b3maj7#5,1,0.006622516556291391
b3maj7,413,1,0.006622516556291391
b3maj7,b67#11,1,0.006622516556291391
b3maj7,b7m6,1,0.006622516556291391
b3maj7,4Maj,1,0.006622516556291391
b3maj7,27alt,1,0.006622516556291391
b3maj7,#4m7,1,0.006622516556291391
b3maj7,707,1,0.006622516556291391
b3maj7,b77b9,1,0.006622516556291391
b3maj7,67b9,1,0.006622516556291391
b3maj7,b77sus,1,0.006622516556291391
b3maj7,b313,1,0.006622516556291391
b3maj7,6m7,1,0.006622516556291391
b3maj7,67#5(Dm7b5),1,0.006622516556291391
b3maj7,213#9,1,0.006622516556291391
b3maj7#11,3maj7#11,2,0.4
b3maj7#11,47,1,0.2
b3maj7#11,#4m9,1,0.2
b3maj7#11,b7m9,1,0.2
b3maj7#5,b3maj7,1,0.3333333333333333
b3maj7#5,5m7,1,0.3333333333333333
b3maj7#5,b6maj7,1,0.3333333333333333
b3maj7(Am7),b3maj7,1,1.0
b3maj7(Bbmaj7),b67(Em7b5),1,1.0
b3maj9,6m7b5,2,0.5
b3maj9,b6maj7,1,0.25
b3maj9,b7maj7,1,0.25
b607,b6Maj,2,0.3333333333333333
b607,6m7,2,0.3333333333333333
b607,27b9,1,0.16666666666666666
b607,1m7,1,0.16666666666666666
b613,1m7,5,0.45454545454545453
b613,57b13,2,0.18181818181818182
b613,47,1,0.09090909090909091
b613,b2m9,1,0.09090909090909091
b613,b27#9,1,0.09090909090909091
b613,613,1,0.09090909090909091
b66,4m7,3,0.21428571428571427
b66,57,2,0.14285714285714285
b66,57b9b13,2,0.14285714285714285
b66,2m7b5,1,0.07142857142857142
b66,b7m7,1,0.07142857142857142
b66,b6m6,1,0.07142857142857142
b66,6m7b5,1,0.07142857142857142
b66,b37,1,0.07142857142857142
b66,5m7,1,0.07142857142857142
b66,56,1,0.07142857142857142
b67,57,46,0.26900584795321636
b67,57b9,42,0.24561403508771928
b67,b2maj7,17,0.09941520467836257
b67,2m7b5,15,0.08771929824561403
b67,b27,5,0.029239766081871343
b67,57b13,5,0.029239766081871343
b67,1m,4,0.023391812865497075
b67,2m7,4,0.023391812865497075
b67,57#9,4,0.023391812865497075
b67,5m7,4,0.023391812865497075
b67,b3m7,4,0.023391812865497075
b67,57sus,3,0.017543859649122806
b67,607,3,0.017543859649122806
b67,b3maj7,2,0.011695906432748537
b67,27#9,2,0.011695906432748537
b67,16,1,0.005847953216374269
b67,1m7,1,0.005847953216374269
b67,4maj7,1,0.005847953216374269
b67,27b9,1,0.005847953216374269
b67,6m7b5,1,0.005847953216374269
b67,b27#11,1,0.005847953216374269
b67,67,1,0.005847953216374269
b67,27#5#9,1,0.005847953216374269
b67,57#5,1,0.005847953216374269
b67,b6m7,1,0.005847953216374269
b67,3m7,1,0.005847953216374269
b67#11,57b9,4,0.125
b67#11,2m7b5,4,0.125
b67#11,1m,4,0.125
b67#11,57,3,0.09375
b67#11,5m7,2,0.0625
b67#11,57#9,2,0.0625
b67#11,57#5#9,2,0.0625
b67#11,57#11,2,0.0625
b67#11,1m7,2,0.0625
b67#11,6m11,1,0.03125
b67#11,59,1,0.03125
b67#11,b3maj7#5,1,0.03125
b67#11,b6mb6,1,0.03125
b67#11,b6m6,1,0.03125
b67#11,3m7,1,0.03125
b67#11,57b9b13,1,0.03125
b67#5,b27,1,0.5
b67#5,b2maj7,1,0.5
b67#5#9,b2maj7,1,1.0
b67#9,57#9,3,0.5
b67#9,4m7,3,0.5
b67(A7b13),57b13,1,1.0
b67(Abmaj7),5m7,1,1.0
b67(D7b13),1m7,2,1.0
b67(Dm),1m,1,1.0
b67(Em7b5),57b9,1,1.0
b67(F7),b37,1,1.0
b67(Fm7),1maj7,1,0.5
b67(Fm7),16,1,0.5
b67b13,b2m7,1,1.0
b67b5,57#5,1,1.0
b67b9,b2maj7,1,0.3333333333333333
b67b9,57b9,1,0.3333333333333333
b67b9,27,1,0.3333333333333333
b67sus,b2maj7,2,0.6666666666666666
b67sus,b69#5,1,0.3333333333333333
b69,#49,2,1.0
b69#11,27,3,1.0
b69#5,b2maj7,1,1.0
b69(Eb7),4m7(F#m7),1,1.0
b6Maj,b7Maj,2,0.10526315789473684
b6Maj,b3maj7,2,0.10526315789473684
b6Maj,57#5,2,0.10526315789473684
b6Maj,b2maj9,2,0.10526315789473684
b6Maj,b3Maj,2,0.10526315789473684
b6Maj,5Maj,2,0.10526315789473684
b6Maj,b27,1,0.05263157894736842
b6Maj,4m6,1,0.05263157894736842
b6Maj,1m7,1,0.05263157894736842
b6Maj,2m7b5,1,0.05263157894736842
b6Maj,1m9,1,0.05263157894736842
b6Maj,5m,1,0.05263157894736842
b6Maj,2Maj,1,0.05263157894736842
b6aug,6m7b5,1,1.0
b6m,57,2,0.2
b6m,57b13,2,0.2
b6m,20,1,0.1
b6m,b3maj7,1,0.1
b6m,3m,1,0.1
b6m,6m,1,0.1
b6m,3maj7#5,1,0.1
b6m,b77,1,0.1
b6m(Fsus),b3Maj,1,1.0
b6m6,b3maj7,3,0.2
b6m6,5m7,2,0.13333333333333333
b6m6,1m7,2,0.13333333333333333
b6m6,b77,2,0.13333333333333333
b6m6,5Maj,1,0.06666666666666667
b6m6,70,1,0.06666666666666667
b6m6,1m,1,0.06666666666666667
b6m6,b36,1,0.06666666666666667
b6m6,5m11,1,0.06666666666666667
b6m6,5m6,1,0.06666666666666667
b6m6(A7#9),b27,1,1.0
b6m7,b27,25,0.46296296296296297
b6m7,5m7,5,0.09259259259259259
b6m7,b7m7,3,0.05555555555555555
b6m7,57#9,2,0.037037037037037035
b6m7,b2m7,2,0.037037037037037035
b6m7,1m7,2,0.037037037037037035
b6m7,57,2,0.037037037037037035
b6m7,b6m6,2,0.037037037037037035
b6m7,3maj7,1,0.018518518518518517
b6m7,37,1,0.018518518518518517
b6m7,7maj7,1,0.018518518518518517
b6m7,b3maj7,1,0.018518518518518517
b6m7,27#5#9,1,0.018518518518518517
b6m7,b29sus,1,0.018518518518518517
b6m7,b29,1,0.018518518518518517
b6m7,3maj7#11,1,0.018518518518518517
b6m7,2m7b5,1,0.018518518518518517
b6m7,6Maj,1,0.018518518518518517
b6m7,57b9b13,1,0.018518518518518517
b6m7b5,b27b9,4,0.8
b6m7b5,b27#5#9,1,0.2
b6m9,b6m7,2,0.2857142857142857
b6m9,3maj7#11,2,0.2857142857142857
b6m9,b3maj7#11,1,0.14285714285714285
b6m9,b2m9,1,0.14285714285714285
b6m9,4m7b5,1,0.14285714285714285
b6maj7,2m7b5,35,0.21604938271604937
b6maj7,4m7,12,0.07407407407407407
b6maj7,1m7,9,0.05555555555555555
b6maj7,6m7b5,8,0.04938271604938271
b6maj7,5m7,7,0.043209876543209874
b6maj7,57,6,0.037037037037037035
b6maj7,27,6,0.037037037037037035
b6maj7,b79,5,0.030864197530864196
b6maj7,57#9,5,0.030864197530864196
b6maj7,57#5,5,0.030864197530864196
b6maj7,6m7,4,0.024691358024691357
b6maj7,607,4,0.024691358024691357
b6maj7,b2maj7,4,0.024691358024691357
b6maj7,57b9,3,0.018518518518518517
b6maj7,b27,3,0.018518518518518517
b6maj7,b2maj7#11,3,0.018518518518518517
b6maj7,4m6,3,0.018518518518518517
b6maj7,b77,3,0.018518518518518517
b6maj7,b3maj7,3,0.018518518518518517
b6maj7,#469,2,0.012345679012345678
b6maj7,47,2,0.012345679012345678
b6maj7,57b13,2,0.012345679012345678
b6maj7,#4maj7,2,0.012345679012345678
b6maj7,b77sus,2,0.012345679012345678
b6maj7,b3Maj,1,0.006172839506172839
b6maj7,1m11,1,0.006172839506172839
b6maj7,3maj7,1,0.006172839506172839
b6maj7,b27#11,1,0.006172839506172839
b6maj7,b6m7,1,0.006172839506172839
b6maj7,7Maj,1,0.006172839506172839
b6maj7,b369,1,0.006172839506172839
b6maj7,b3maj9,1,0.006172839506172839
b6maj7,b67(Abmaj7),1,0.006172839506172839
b6maj7,b7m7,1,0.006172839506172839
b6maj7,b67,1,0.006172839506172839
b6maj7,b6m6(A7#9),1,0.006172839506172839
b6maj7,b6m(Fsus),1,0.006172839506172839
b6maj7,b36,1,0.006172839506172839
b6maj7,27#5#9,1,0.006172839506172839
b6maj7,b3m7,1,0.006172839506172839
b6maj7,57b5,1,0.006172839506172839
b6maj7,57sus,1,0.006172839506172839
b6maj7,27b9,1,0.006172839506172839
b6maj7,b2m9,1,0.006172839506172839
b6maj7,47b13,1,0.006172839506172839
b6maj7,1m,1,0.006172839506172839
b6maj7,7m7,1,0.006172839506172839
b6maj7,b67#11,1,0.006172839506172839
b6maj7#11,57b13,3,0.23076923076923078
b6maj7#11,57#9,2,0.15384615384615385
b6maj7#11,2m7,2,0.15384615384615385
b6maj7#11,57b9,1,0.07692307692307693
b6maj7#11,b77sus,1,0.07692307692307693
b6maj7#11,5m11,1,0.07692307692307693
b6maj7#11,4m7,1,0.07692307692307693
b6maj7#11,27alt,1,0.07692307692307693
b6maj7#11,2m7b5,1,0.07692307692307693
b6maj9,b769,4,0.4
b6maj9,2m7b5,2,0.2
b6maj9,49,1,0.1
b6maj9,b29,1,0.1
b6maj9,b2maj7,1,0.1
b6maj9,b6m7,1,0.1
b6mb6,b67#11,1,1.0
b713,b3m9,1,0.5
b713,b3maj7,1,0.5
b713b9,b3m7,1,0.5
b713b9,b3maj7,1,0.5
b713sus,b77#5#9,1,0.5
b713sus,b669,1,0.5
b76,57b9,1,1.0
b769,1m11,7,0.7
b769,b6maj9,3,0.3
b77,b3maj7,74,0.4378698224852071
b77,b37,13,0.07692307692307693
b77,b36,10,0.05917159763313609
b77,67,9,0.05325443786982249
b77,b67,9,0.05325443786982249
b77,b3m7,9,0.05325443786982249
b77,b3Maj,5,0.029585798816568046
b77,1m7,4,0.023668639053254437
b77,5m7,4,0.023668639053254437
b77,2m7b5,3,0.01775147928994083
b77,1maj7,3,0.01775147928994083
b77,b27,2,0.011834319526627219
b77,57#9,2,0.011834319526627219
b77,4m7,2,0.011834319526627219
b77,b37sus,2,0.011834319526627219
b77,b6maj7,2,0.011834319526627219
b77,b2maj7#11,2,0.011834319526627219
b77,6m,2,0.011834319526627219
b77,17,2,0.011834319526627219
b77,37,1,0.005917159763313609
b77,b3maj9,1,0.005917159763313609
b77,2m7,1,0.005917159763313609
b77,b3m,1,0.005917159763313609
b77,56,1,0.005917159763313609
b77,1m6(Cm7b5),1,0.005917159763313609
b77,b77b5,1,0.005917159763313609
b77,5m7b5,1,0.005917159763313609
b77,67b5#9,1,0.005917159763313609
b77,b77b9,1,0.005917159763313609
b77#11,2Maj,1,1.0
b77#5,b3maj7,1,0.5
b77#5,b3m7,1,0.5
b77#5#9,b313sus,1,0.5
b77#5#9,b3m7,1,0.5
b77#9,1m7,2,0.5
b77#9,b3m,1,0.25
b77#9,b3maj7,1,0.25
b77(Cm7),b3maj7,2,1.0
b77alt,5m7b5,2,0.4
b77alt,6maj7#11,2,0.4
b77alt,b3maj7,1,0.2
b77b13,b3m7,1,1.0
b77b5,67b9,1,1.0
b77b9,b3maj7,12,0.7058823529411765
b77b9,b36,3,0.17647058823529413
b77b9,b6maj7#11,2,0.11764705882352941
b77b9sus,b36,1,1.0
b77sus,b77,4,0.13793103448275862
b77sus,b79,3,0.10344827586206896
b77sus,b27sus,3,0.10344827586206896
b77sus,1m9,2,0.06896551724137931
b77sus,b37sus,2,0.06896551724137931
b77sus,5m7b5,2,0.06896551724137931
b77sus,1m,2,0.06896551724137931
b77sus,b3maj7,1,0.034482758620689655
b77sus,b77b9sus,1,0.034482758620689655
b77sus,57b9,1,0.034482758620689655
b77sus,67sus,1,0.034482758620689655
b77sus,47sus,1,0.034482758620689655
b77sus,b36,1,0.034482758620689655
b77sus,b6maj7#11,1,0.034482758620689655
b77sus,6m7b5,1,0.034482758620689655
b77sus,b713b9,1,0.034482758620689655
b77sus,67b9,1,0.034482758620689655
b77sus,37b9,1,0.034482758620689655
b79,707,3,0.23076923076923078
b79,57,2,0.15384615384615385
b79,2m7b5,2,0.15384615384615385
b79,b3maj7,2,0.15384615384615385
b79,b69,1,0.07692307692307693
b79,1m7,1,0.07692307692307693
b79,4m7,1,0.07692307692307693
b79,b313,1,0.07692307692307693
b79(Bbm7),b69(Eb7),1,1.0
b79sus,b3Maj,2,0.5
b79sus,b7maj7#11,1,0.25
b79sus,3m,1,0.25
b7Maj,1m7,11,0.5789473684210527
b7Maj,b6Maj,3,0.15789473684210525
b7Maj,67,1,0.05263157894736842
b7Maj,b7m6,1,0.05263157894736842
b7Maj,3Maj,1,0.05263157894736842
b7Maj,b3Maj,1,0.05263157894736842
b7Maj,#4Maj,1,0.05263157894736842
b7m,6m7,2,0.2857142857142857
b7m,b6m7,2,0.2857142857142857
b7m,5m7b5,1,0.14285714285714285
b7m,1m,1,0.14285714285714285
b7m,b67,1,0.14285714285714285
b7m11,b27sus,1,1.0
b7m6,b6maj7,5,0.38461538461538464
b7m6,b307(F7),2,0.15384615384615385
b7m6,6maj7,2,0.15384615384615385
b7m6,4Maj,1,0.07692307692307693
b7m6,47,1,0.07692307692307693
b7m6,607,1,0.07692307692307693
b7m6,b7m7,1,0.07692307692307693
b7m6(Am7),b37(Gm7),1,1.0
b7m69,#4m9,1,1.0
b7m69(Emaj7#11),b7m69,1,1.0
b7m7,b37,71,0.5772357723577236
b7m7,1m7,5,0.04065040650406504
b7m7,4m7,4,0.032520325203252036
b7m7,67alt,4,0.032520325203252036
b7m7,67,3,0.024390243902439025
b7m7,b6m7,3,0.024390243902439025
b7m7,b37#5,2,0.016260162601626018
b7m7,#4maj7#11,2,0.016260162601626018
b7m7,#4maj7,2,0.016260162601626018
b7m7,b37b9,2,0.016260162601626018
b7m7,47b13,2,0.016260162601626018
b7m7,b3m7,2,0.016260162601626018
b7m7,b3maj7,1,0.008130081300813009
b7m7,b7m7(Em7b5),1,0.008130081300813009
b7m7,1m7b5,1,0.008130081300813009
b7m7,2m7b5,1,0.008130081300813009
b7m7,6m7b5,1,0.008130081300813009
b7m7,b37#9,1,0.008130081300813009
b7m7,b2maj7#11,1,0.008130081300813009
b7m7,47b9,1,0.008130081300813009
b7m7,b27,1,0.008130081300813009
b7m7,4maj7#11,1,0.008130081300813009
b7m7,b2m7,1,0.008130081300813009
b7m7,5m7b5,1,0.008130081300813009
b7m7,27b13,1,0.008130081300813009
b7m7,67b5,1,0.008130081300813009
b7m7,7Maj,1,0.008130081300813009
b7m7,b6maj7,1,0.008130081300813009
b7m7,57b9,1,0.008130081300813009
b7m7,b37sus,1,0.008130081300813009
b7m7,17b9,1,0.008130081300813009
b7m7,b39,1,0.008130081300813009
b7m7,b77b13,1,0.008130081300813009
b7m7(Em7b5),4m7,1,1.0
b7m7b5,b37b9,1,0.5
b7m7b5,b37b13,1,0.5
b7m9,1m9,2,0.2857142857142857
b7m9,b2m9,2,0.2857142857142857
b7m9,b3m9,2,0.2857142857142857
b7m9,5m11,1,0.14285714285714285
b7maj7,b7m7,3,0.13636363636363635
b7maj7,6m7b5,3,0.13636363636363635
b7maj7,5m7,2,0.09090909090909091
b7maj7,3m7b5,2,0.09090909090909091
b7maj7,b39#11,2,0.09090909090909091
b7maj7,2m7b5,1,0.045454545454545456
b7maj7,b6maj7,1,0.045454545454545456
b7maj7,b713b9,1,0.045454545454545456
b7maj7,27,1,0.045454545454545456
b7maj7,4maj9,1,0.045454545454545456
b7maj7,b67#11,1,0.045454545454545456
b7maj7,b37,1,0.045454545454545456
b7maj7,4maj7,1,0.045454545454545456
b7maj7,613b9,1,0.045454545454545456
b7maj7,b2m7,1,0.045454545454545456
b7maj7#11,4maj7,1,1.0
b7maj7#5,7maj7#11,1,1.0
b7maj9,7maj7,2,1.0
57alt,4m7,2,0.25
57alt,b3maj7,1,0.15
57alt,b6maj7,1,0.10
57alt,2m7b5,1,0.10
27alt,5m7b5,1,0.10
